,Player,Projected_Pts,VBD
0,Lamar Jackson,360.1832172579079,158.7951441590545
1,Christian McCaffrey,249.0273844167521,109.4496106130999
2,Alvin Kamara,247.6310157403638,108.0532419367116
3,Saquon Barkley,244.29899800767555,104.72122420402334
4,Ja'Marr Chase,267.4924391872524,98.09958193009146
5,Justin Jefferson,249.34913028580803,79.9562730286471
6,Puka Nacua,245.9153062766764,76.52244901951548
7,Jahmyr Gibbs,213.80869122569806,74.23091742204585
8,Brock Bowers,196.36643507780389,72.4186011121653
9,Trey McBride,195.58072063703844,71.63288667139986
10,George Kittle,194.74100062324004,70.79316665760146
11,Joe Burrow,270.42431102881875,69.03623792996532
12,Baker Mayfield,267.8082386374356,66.42016553858215
13,Malik Nabers,234.87994195224138,65.48708469508045
14,Breece Hall,200.1427972605549,60.56502345690268
15,Nico Collins,228.3660960059451,58.97323874878418
16,CeeDee Lamb,227.3245863258863,57.93172906872536
17,A.J. Brown,224.3418959967753,54.949038739614366
18,Davante Adams,222.5362174112671,53.143360154106176
19,Josh Allen,252.61038159412362,51.2223084952702
20,Derrick Henry,189.9959566550104,50.41818285135818
21,James Conner,189.50002361434045,49.92224981068824
22,Bijan Robinson,186.92866146334663,47.35088765969442
23,Aaron Jones,185.36278647016553,45.785012666513325
24,Jonathan Taylor,184.95993684621243,45.38216304256022
25,Drake London,213.76444689029597,44.371589633135045
26,Joe Mixon,183.5552132516928,43.9774394480406
27,Jayden Daniels,244.6468193375955,43.25874623874208
28,Jalen Hurts,243.83662828868432,42.4485551898309
29,Chris Godwin,211.09567642787863,41.7028191707177
30,Jerry Jeudy,210.00892242043074,40.61606516326981
31,Jacob Kibodi,178.56714038804046,38.98936658438825
32,Tee Higgins,207.85218837789503,38.459331120734106
33,Brian Thomas,207.81912157055046,38.42626431338954
34,Jonnu Smith,161.072055189936,37.12422122429743
35,Bucky Irving,175.5485214370891,35.9707476334369
36,David Njoku,159.2164966825743,35.26866271693572
37,Travis Kelce,159.0893344124276,35.141500446789024
38,Jared Goff,236.082271678751,34.694198579897574
39,D'Andre Swift,172.13799430901867,32.56022050536646
40,Austin Ekeler,170.5503631335826,30.9725893299304
41,De'Von Achane,168.5850992350318,29.0073254313796
42,Josh Jacobs,165.94835112961823,26.370577325966025
43,Sam Darnold,226.98010362326005,25.592030524406624
44,Jakobi Meyers,193.9632975379884,24.570440280827484
45,Mike Evans,193.52877982101236,24.135922563851437
46,Ladd McConkey,191.1502349502153,21.757377693054366
47,George Pickens,189.19113052973822,19.79827327257729
48,D.K. Metcalf,188.47750796528305,19.084650708122126
49,Amon-Ra St. Brown,188.29460527860243,18.901748021441506
50,Tony Pollard,157.17445109445458,17.596677290802376
51,Najee Harris,156.56064215720534,16.98286835355313
52,Garrett Wilson,185.86590401412764,16.47304675696671
53,Jimmy Garoppolo,217.15267724394448,15.764604145091056
54,Joe Milton,215.8398598513421,14.451786752488687
55,Courtland Sutton,183.48709561674616,14.094238359585233
56,Rico Dowdle,153.27714528004026,13.699371476388052
57,Rashee Rice,182.86341014841508,13.470552891254158
58,Jameson Williams,182.26221490159537,12.869357644434444
59,Marcus Mariota,214.1057336606749,12.717660561821475
60,Jaxon Smith-Njigba,180.4780953676053,11.08523811044438
61,Dallas Goedert,134.8576499497417,10.909815984103119
62,Jauan Jennings,179.25159932539165,9.858742068230725
63,Calvin Ridley,179.18786023481758,9.795002977656651
64,Sam LaPorta,133.19477562770788,9.246941662069304
65,Darnell Mooney,176.28335824730794,6.890500990147018
66,Zay Flowers,176.0200237724623,6.627166515301383
67,Evan Engram,130.5165813947645,6.568747429125921
68,Cade Otton,128.85254701177024,4.904713046131661
69,Rashid Shaheed,173.8716159900613,4.47875873290036
70,Chase Brown,143.34755938546584,3.769785581813636
71,Mark Andrews,127.57195917278788,3.624125207149305
72,Tyrone Tracy Jr.,142.6562554100277,3.0784816063755045
73,Jaylen Warren,141.63975337931714,2.0619795756649353
74,David Montgomery,139.5777738036522,0.0
75,Zach Ertz,123.94783396563858,0.0
76,Terry McLaurin,169.39285725716093,0.0
77,Brock Purdy,201.38807309885343,0.0
78,Pat Freiermuth,123.27832427448247,-0.669509691156108
79,Stefon Diggs,167.68000936664336,-1.7128478905175655
80,Tanner McKee,198.95486675298878,-2.4332063458646473
81,Cooper Kupp,165.6071151940709,-3.7857420630900265
82,Hunter Henry,120.12935008387636,-3.8184838817622193
83,Jordan Mason,135.6485472072858,-3.9292265963664192
84,DeVonta Smith,165.0488433243783,-4.344013932782616
85,T.J. Hockenson,119.42341993613236,-4.524414029506218
86,Brandon Aiyuk,163.94674725802645,-5.446109999134478
87,Tucker Kraft,117.11012674932591,-6.8377072163126655
88,Bo Nix,193.47563979768415,-7.912433301169273
89,Kenneth Walker III,131.07290339058972,-8.504870413062491
90,Josh Downs,160.53242762875362,-8.860429628407303
91,Justin Herbert,192.24017993189358,-9.147893166959847
92,Jordan Addison,159.7918113601991,-9.601045896961836
93,Tyreek Hill,158.19392303628456,-11.198934220876367
94,D.J. Moore,158.10163396990805,-11.291223287252876
95,Adam Thielen,157.91372850871113,-11.479128748449796
96,Mike Gesicki,112.10110737675927,-11.846726588879307
97,Kareem Hunt,125.35983590526588,-14.217937898386324
98,Travis Etienne,124.90370124318576,-14.674072560466442
99,Javonte Williams,124.4166871402958,-15.1610866633564
100,Marvin Harrison Jr.,154.04061063635362,-15.352246620807307
101,Alexander Mattison,123.98622126569174,-15.591552537960467
102,Justice Hill,123.01838696684962,-16.559386836802588
103,Kyler Murray,184.62276208895656,-16.765311009896863
104,Jake Ferguson,106.37213471927014,-17.575699246368444
105,Chuba Hubbard,120.67491309874362,-18.90286070490859
106,Keenan Allen,148.77599222661036,-20.61686503055057
107,Zack Moss,118.83670661852976,-20.741067185122446
108,Rachaad White,118.33290789657563,-21.244865907076573
109,Russell Wilson,179.82818649321803,-21.5598866056354
110,Jordan Love,179.18721353416652,-22.20085956468691
111,Dalton Kincaid,101.51111817140644,-22.436715794232143
112,Michael Pittman Jr.,146.94570600961657,-22.447151247544355
113,Noah Fant,100.62432644232675,-23.323507523311832
114,Patrick Mahomes,177.9820748503486,-23.40599824850483
115,Khalil Shakir,144.970428991951,-24.42242826520993
116,Kyle Pitts,98.90680513092383,-25.04102883471475
117,Brian Robinson Jr.,113.8511194668022,-25.726654336850004
118,Isiah Pacheco,113.17407315078748,-26.40370065286473
119,Will Dissly,96.90772115451071,-27.04011281112787
120,Zach Charbonnet,112.43038158025615,-27.147392223396054
121,Tyler Higbee,96.58137878429093,-27.366455181347646
122,Alec Pierce,141.6519422688365,-27.74091498832442
123,James Cook,111.36155796401448,-28.216215839637727
124,Jerome Ford,111.31765860323246,-28.260115200419747
125,Clyde Edwards-Helaire,111.27309341386592,-28.304680389786284
126,Isaiah Likely,95.16688621818435,-28.780947747454235
127,Tua Tagovailoa,172.32787851430072,-29.060194584552704
128,Marquise Brown,140.1027173985458,-29.290139858615134
129,J.K. Dobbins,109.99456943342103,-29.583204370231172
130,Kyren Williams,109.88050450236928,-29.69726930128293
131,Tyler Conklin,94.23698455852261,-29.710849407115973
132,Juwan Johnson,94.2155955965658,-29.732238369072775
133,Derek Carr,171.47299736804734,-29.91507573080608
134,Christian Kirk,139.2121003572935,-30.18075689986742
135,Brock Bowers,92.94946164119425,-30.998372324444333
136,Antonio Gibson,108.06330003507527,-31.514473768576934
137,Dalton Schultz,92.41737285856374,-31.530461107074842
138,Tanner McLachlan,90.82865057572477,-33.119183389913815
139,Jaylen Waddle,135.28021229381443,-34.1126449633465
140,Chris Olave,134.47075082282325,-34.92210643433768
141,Tank Dell,134.43911158192276,-34.95374567523817
142,Cole Kmet,88.44312291329655,-35.50471105234203
143,Ty Johnson,104.01692556739798,-35.56084823625423
144,Chigoziem Okonkwo,87.4398515909349,-36.50798237470369
145,Quentin Johnston,132.16535055354265,-37.227506703618275
146,Marvin Harrison Jr.,130.59823655156168,-38.79462070559924
147,Rome Odunze,130.43925583768987,-38.953601419471056
148,Austin Hooper,84.7120666830565,-39.235767282582074
149,Jayden Reed,129.7583079443289,-39.634549312832036
150,Samaje Perine,98.6682729899647,-40.9095008136875
151,Noah Gray,82.83553592896709,-41.11229803667149
152,Romeo Doubs,127.92585634113729,-41.467000916023636
153,Deebo Samuel,125.40961744177864,-43.98323981538229
154,Theo Johnson,77.45844762126951,-46.489386344369066
155,Rhamondre Stevenson,92.71425255043363,-46.86352125321858
156,Wan'Dale Robinson,122.20969071874546,-47.18316653841546
157,Keon Coleman,121.93623666386877,-47.45662059329216
158,Drake Maye,152.96487894031006,-48.42319415854337
159,Foster Moreau,75.16856998096273,-48.77926398467585
160,Braelon Allen,90.66894547980593,-48.90882832384628
161,Aaron Rodgers,152.42404348912459,-48.96402960972884
162,Tyjae Spears,90.59900310482334,-48.97877069882887
163,Geno Smith,152.0740202956277,-49.314052803225735
164,Blake Corum,90.21659865591576,-49.361175147736446
165,Amari Cooper,119.8082237256211,-49.58463353153982
166,Allen Lazard,119.37270366587342,-50.02015359128751
167,Caleb Williams,151.1446631438945,-50.243409954958935
168,Taysom Hill,73.59891414000607,-50.34891982563251
169,Brenton Strange,73.35595550391179,-50.59187846172679
170,Tay Martin,117.73319520437771,-51.65966205278322
171,Jordan Akins,71.55815222763894,-52.38968173799964
172,Noah Brown,116.87989165994301,-52.512965597217914
173,Joshua Dobbs,148.84525717805855,-52.54281592079488
174,Rashod Bateman,116.6816556867361,-52.711201570424834
175,Jalen Coker,115.00796447550799,-54.38489278165294
176,Christian Watson,114.78202615250517,-54.61083110465576
177,Michael Carter,82.7721140368625,-56.8056597667897
178,Tyrod Taylor,144.05523758665694,-57.33283551219648
179,Tank Bigsby,82.1846850065773,-57.39308879707491
180,Anthony Richardson,143.69337075298589,-57.69470234586754
181,Audric Estime,81.83822962712972,-57.739544176522486
182,Raheem Mostert,80.91089248538135,-58.66688131827085
183,Rasheen Ali,80.52573845657739,-59.05203534707482
184,Sincere McCormick,80.20510172818773,-59.37267207546448
185,Josh Palmer,109.97301363014614,-59.419843627014785
186,Ray-Ray McCloud,109.73265238361428,-59.66020487354665
187,Ja'Tavion Sanders,63.65542770019215,-60.29240626544643
188,Devontez Walker,109.06378589614322,-60.32907136101771
189,Tommy Tremble,63.5251116663818,-60.42272229925678
190,Kayshon Boutte,107.96153626442953,-61.4313209927314
191,Ja'Tavion Sanders,62.021317974521736,-61.926515991116844
192,Xavier Worthy,107.38685293395645,-62.00600432320448
193,Bucky Irving,77.20035985658288,-62.37741394706933
194,Austin Trammell,106.39067412307642,-63.002183134084504
195,Dare Ogunbowale,75.5042286139131,-64.07354518973911
196,Rome Odunze,105.22802012512,-64.16483713204093
197,Isaac Guerendo,75.40068752659789,-64.17708627705431
198,Ray Davis,75.03971736966224,-64.53805643398996
199,Trevor Lawrence,136.31308102123276,-65.07499207762066
200,Jaylen Wright,74.48331360732566,-65.09446019632655
201,Jonathon Brooks,74.41817496658638,-65.15959883706583
202,Joe Flacco,136.0914237763243,-65.29664932252913
203,Darius Slayton,103.9605450593342,-65.43231219782673
204,Ameer Abdullah,73.49387974094137,-66.08389406271084
205,Tyler Allgeier,73.42528340451986,-66.15249039913235
206,Erick All,57.66032617263255,-66.28750779300603
207,Matthew Stafford,135.04929176470702,-66.3387813341464
208,Nick Chubb,73.062753376842,-66.51502042681021
209,AJ Barner,57.37822498054971,-66.56960898508888
210,Xavier Worthy,102.5625599308094,-66.83029732635153
211,Josh Oliver,56.30224361104222,-67.64559035459635
212,Trey Benson,71.39030039747972,-68.18747340617249
213,DeAndre Hopkins,100.76424730023142,-68.62860995692951
214,Malik Nabers,100.15893235630477,-69.23392490085615
215,Colby Parkinson,54.07100264091288,-69.8768313247257
216,Troy Franklin,99.07820467560842,-70.31465258155251
217,C.J. Stroud,131.05676596252874,-70.33130713632468
218,Justin Fields,130.89721247367584,-70.49086062517759
219,Diontae Johnson,98.844247875547,-70.54860938161393
220,Braelon Allen,68.96062339293562,-70.61715041071659
221,Dawson Knox,52.64991334968098,-71.2979206159576
222,Dak Prescott,130.07353628950239,-71.31453680935104
223,Kyle Juszczyk,67.54211729819971,-72.0356565054525
224,Miles Sanders,67.3363361544066,-72.24143764924561
225,Jalen Tolbert,97.04894835472615,-72.34390890243478
226,Elijah Moore,96.9189619048228,-72.47389535233813
227,Bryce Young,128.78489691517436,-72.60317618367907
228,Kendre Miller,66.61223475664774,-72.96553904700447
229,Tyler Lockett,96.32293347113503,-73.0699237860259
230,Ben Sinnott,50.844291906298906,-73.10354205933967
231,Caleb Williams,128.27631185098033,-73.11176124787309
232,Ricky Pearsall,95.92588570495059,-73.46697155221034
233,Tanner Hudson,50.411613036429756,-73.53622092920882
234,Grant Calcaterra,50.29673434825993,-73.65109961737865
235,Demario Douglas,95.0236998672376,-74.36915738992333
236,Jacob Cowing,94.8178012062524,-74.57505605090853
237,Michael Mayer,48.995474394317895,-74.95235957132068
238,Josh Whyle,48.929948103701086,-75.01788586193749
239,Emari Demercado,64.13484031334292,-75.44293349030929
240,Kimani Vidal,64.00270998718662,-75.57506381646559
241,Devaughn Vele,93.41975371681049,-75.97310354035044
242,Luke Schoonmaker,47.64115260548342,-76.30668136015515
243,Jaheim Bell,47.46269253421776,-76.48514143142083
244,Jawhar Jordan,62.380444343417054,-77.19732946023515
245,Michael Wilson,91.95719738047676,-77.43565987668417
246,Brian Thomas,91.92599021174554,-77.46686704541538
247,Tre Tucker,91.89377079083165,-77.49908646632927
248,D'Ernest Johnson,61.909803019529335,-77.66797078412287
249,D'Onta Foreman,61.694131356988414,-77.8836424466638
250,Jalen McMillan,91.5003549266879,-77.89250233047302
251,Kenneth Gainwell,61.620949593830765,-77.95682420982143
252,Sean Tucker,61.5211031232722,-78.05667068038001
253,Will Shipley,61.34713210583156,-78.23064169782064
254,Xavier Legette,90.86449293456054,-78.52836432260038
255,Pierre Strong,59.935583169326314,-79.64219063432589
256,Devin Singletary,59.611784053405934,-79.96598975024628
257,Tutu Atwell,89.24216317348187,-80.15069408367906
258,Kirk Cousins,121.2036782125545,-80.18439488629893
259,Erick All,43.19362358226143,-80.75421038337714
260,Tony Jones,58.68893151348374,-80.88884229016847
261,Devin Culp,43.05411936240223,-80.89371460323635
262,Blake Watson,58.59642354223868,-80.98135026141352
263,MarShawn Lloyd,57.726913771999875,-81.85086003165233
264,Isaac Guerendo,57.596570444092436,-81.98120335955977
265,Trey Benson,57.13204929095377,-82.44572451269843
266,Cedric Tillman,86.34063983748216,-83.05221741967877
267,Kimani Vidal,56.34738209855032,-83.23039170510188
268,Lucas Krull,40.21770863534158,-83.730125330297
269,Calvin Austin III,85.49420490290838,-83.89865235425255
270,Jase McClellan,55.16071615838155,-84.41705764527066
271,Elijah Higgins,39.43013483189723,-84.51769913374136
272,Darnell Washington,38.60922421015407,-85.33860975548451
273,Malik Willis,116.03578805525011,-85.35228504360332
274,Stone Smartt,38.57208392709573,-85.37575003854285
275,Demarcus Robinson,83.76415541974485,-85.62870183741607
276,Brandin Cooks,83.68041374093808,-85.71244351622285
277,Marquez Valdes-Scantling,83.42707734836553,-85.9657799087954
278,Patrick Taylor,53.339903048189655,-86.23787075546255
279,Tyrone Tracy Jr.,52.37461269122616,-87.20316111242605
280,Nick Vannett,36.66725451044857,-87.28057945519001
281,Johnny Mundt,36.1870665156532,-87.76076744998538
282,Adam Trautman,35.76860128466428,-88.17923268097431
283,Malachi Corley,79.40852332696517,-89.98433393019576
284,Cade Stover,33.400407862592324,-90.54742610304626
285,Nate Adkins,32.90408231697249,-91.04375164866609
286,Keilan Robinson,48.51393348453155,-91.06384031912066
287,Dameon Pierce,48.494335018722836,-91.08343878492937
288,Jordan Mims,48.312254581606055,-91.26551922204615
289,Nick Westbrook-Ikhine,77.56895914352658,-91.82389811363434
290,Emanuel Wilson,47.70394517016993,-91.87382863348228
291,Charlie Kolar,31.894949332930807,-92.05288463270777
292,Drew Sample,31.781380617046988,-92.16645334859159
293,Olamide Zaccheaus,77.14233301701856,-92.25052424014237
294,Will Levis,108.88527644724937,-92.50279665160406
295,Kylen Granson,31.045053101597453,-92.90278086404112
296,Zamir White,45.66710581309137,-93.91066799056084
297,Payne Durham,29.725348168665096,-94.22248579697349
298,Cade Stover,29.532017712010248,-94.41581625362834
299,Andrei Iosivas,74.96861715597146,-94.42424010118947
300,Keon Coleman,74.9191009355759,-94.47375632158503
301,Theo Johnson,29.35471805306239,-94.5931159125762
302,Jaleel McLaughlin,44.86805097152274,-94.70972283212947
303,Mo Alie-Cox,29.214765766402962,-94.73306819923562
304,Keaton Mitchell,44.66638862274097,-94.91138518091124
305,Cam Akers,44.19811819059714,-95.37965561305506
306,Hunter Luepke,44.13976392457961,-95.4380098790726
307,Brock Wright,28.50425258694753,-95.44358137869105
308,Mason Rudolph,105.93308767091763,-95.4549854279358
309,Gabriel Davis,73.84121760802381,-95.55163964913712
310,Jermaine Burton,73.8185250179085,-95.57433223925243
311,Hayden Hurst,28.233794443471055,-95.71403952216752
312,Brenden Rice,73.55139655147174,-95.84146070568919
313,Jermar Jefferson,43.65885413301428,-95.91891967063793
314,Tyler Huntley,105.37799036890172,-96.0100827299517
315,Daniel Jones,105.29116223127487,-96.09691086757856
316,Dontayvion Wicks,73.29216143837733,-96.10069581878359
317,Ray Davis,43.272026335965656,-96.30574746768656
318,Jeremy Ruckert,27.530956700946092,-96.41687726469249
319,Adonai Mitchell,72.71926392582277,-96.67359333133815
320,Luke Musgrave,27.20859947534091,-96.73923449029766
321,Ja'Lynn Polk,72.07530249872617,-97.31755475843475
322,Daniel Bellinger,26.440789885881628,-97.50704407975695
323,Gus Edwards,41.75563288141555,-97.82214092223666
324,Jameis Winston,102.93677904857621,-98.45129405027721
325,Audric Estime,41.061415597756145,-98.51635820589607
326,Marvin Mims,70.75944558729572,-98.63341166986521
327,Peyton Hendershot,25.064165994945206,-98.88366797069338
328,Kenny Yeboah,24.763242435536945,-99.18459153010164
329,Jonathon Brooks,40.23581083459271,-99.3419629690595
330,Eric Saubert,24.416993844743985,-99.5308401208946
331,Cordarrelle Patterson,40.03681207115426,-99.54096173249795
332,Dalvin Cook,39.82353859895564,-99.75423520469656
333,Chris Brooks,39.71632814560114,-99.86144565805107
334,Blake Corum,39.65605086947338,-99.92172293417883
335,Andrew Ogletree,23.983416824424943,-99.96441714121363
336,Julian Hill,23.95315007745888,-99.99468388817971
337,AJ Barner,23.92506318943432,-100.02277077620425
338,Harrison Bryant,23.812655723090725,-100.13517824254785
339,Isaiah Davis,38.85267572849161,-100.72509807516059
340,Deuce Vaughn,38.83682218679815,-100.74095161685406
341,Tahj Washington,68.53909779731761,-100.85375945984332
342,Jaylen Wright,38.685441492908716,-100.89233231074348
343,Brevin Jordan,23.052767858842266,-100.89506610679632
344,Blake Whiteheart,22.99043100050539,-100.95740296513318
345,Tucker Fisk,21.630132114635458,-102.31770185100312
346,KaVontae Turpin,66.72964322222877,-102.66321403493215
347,Sterling Shepard,65.89532428391665,-103.49753297324428
348,Jamaal Williams,35.92092572559455,-103.65684807805766
349,MyCole Pruitt,20.278428640186704,-103.66940532545188
350,Luke Farrell,20.181065479987573,-103.766768485651
351,Craig Reynolds,35.78208966630389,-103.79568413734832
352,Jalen McMillan,65.57344740036078,-103.81940985680015
353,Tyler Boyd,65.53342244528568,-103.85943481187525
354,Jayden Daniels,97.26876855387891,-104.11930454497451
355,Brevyn Spann-Ford,19.81036741667957,-104.13746654895901
356,John Bates,18.771263949272267,-105.17657001636631
357,Pharaoh Brown,18.669135943552348,-105.27869802208623
358,Cam Grandy,18.63579591902929,-105.31203804660929
359,Kendrick Bourne,64.07251577097719,-105.32034148618374
360,Ezekiel Elliott,34.22321417085983,-105.35455963279237
361,Chris Rodriguez,33.951335784578845,-105.62643801907336
362,Drake Maye,95.72876534658518,-105.65930775226825
363,Terrell Jennings,33.77544779570406,-105.80232600794815
364,Roman Wilson,63.29333249136432,-106.09952476579662
365,Trey Sermon,33.37481069272426,-106.20296311092795
366,Jamari Thrash,62.943801211743,-106.44905604541793
367,Greg Dulcich,17.119749086649698,-106.82808487898888
368,Aidan O'Connell,94.53840190757614,-106.84967119127728
369,Durham Smythe,16.86731828753186,-107.08051567810672
370,Connor Heyward,16.15193327316642,-107.79590069247216
371,Hunter Long,16.09752237948944,-107.85031158614913
372,Tyler Goodson,31.466547177497254,-108.11122662615495
373,Kenny McIntosh,31.349697108222855,-108.22807669542935
374,Quintin Morris,15.660490363872647,-108.28734360176594
375,Zach Davidson,15.635309893805484,-108.3125240718331
376,Carson Steele,31.246291505288475,-108.33148229836374
377,Tyler Badie,31.079505560899094,-108.49826824275311
378,Charlie Woerner,15.447437303271286,-108.5003966623673
379,J.J. McCarthy,92.77699761175454,-108.61107548709889
380,Ian Thomas,15.262417445905754,-108.68541651973283
381,Ty Chandler,30.766073854708985,-108.81169994894321
382,Will Mallory,15.017757286157462,-108.93007667948112
383,Gerald Everett,14.776191456306535,-109.17164250933205
384,Davis Allen,14.581956780043775,-109.3658771855948
385,Ben Sinnott,14.466968014504957,-109.48086595113362
386,Parker Washington,59.83783448332524,-109.55502277383569
387,Tip Reiman,14.232225697821,-109.71560826781757
388,E.J. Jenkins,14.051418936013476,-109.8964150296251
389,David Bell,59.49101896117834,-109.90183829598259
390,Alec Ingold,29.533530178048508,-110.0442436256037
391,Tim Patrick,59.23176461244272,-110.16109264471821
392,Adonai Mitchell,59.08363867597182,-110.3092185811891
393,Jase McClellan,29.152792381025755,-110.42498142262644
394,Tanner Conner,13.4909128278304,-110.45692113780818
395,Tip Reiman,13.487027862403266,-110.46080610323531
396,Josh Reynolds,58.718257303451786,-110.67459995370913
397,Chris Manhertz,13.211076036938124,-110.73675792870046
398,Jalen Nailor,58.20192477837365,-111.19093247878727
399,Luke McCaffrey,57.94920215560842,-111.44365510155251
400,Ben Sims,12.490819727766862,-111.45701423787172
401,Jody Fortson,12.427053017157007,-111.52078094848157
402,Eric Gray,27.903939819133996,-111.67383398451821
403,David Moore,57.59743684319917,-111.79542041396175
404,Bo Nix,89.4313979579567,-111.95667514089672
405,Dallin Holker,11.643625870156256,-112.30420809548232
406,Devin Culp,11.470711715704425,-112.47712224993415
407,Rasheen Ali,26.975229841634892,-112.60254396201731
408,Roschon Johnson,26.705289365065198,-112.87248443858701
409,Mike Boone,26.61238490614923,-112.96538889750298
410,Mack Hollins,56.39121523030757,-113.00164202685335
411,Drew Lock,87.924284244027,-113.46378885482642
412,David Martin-Robinson,10.245348301048011,-113.70248566459057
413,Eric Tomlinson,10.225368712978096,-113.72246525266048
414,Ainias Smith,55.46546626149461,-113.92739099566631
415,Josiah Deguara,9.902008060142826,-114.04582590549575
416,Shane Zylstra,9.774845577282989,-114.17298838835559
417,Jaheim Bell,9.65631441529537,-114.29151955034321
418,Jack Stoll,9.633990988233805,-114.31384297740478
419,Ronnie Rivers,25.117153375483092,-114.46062042816911
420,Cody Schrader,25.084878658570105,-114.4928951450821
421,Kevin Austin,54.868003545380446,-114.52485371178048
422,Jared Wiley,9.310331994144164,-114.63750197149442
423,Johnny Wilson,54.50476556736106,-114.88809168979986
424,John Samuel Shenker,8.919090503613802,-115.02874346202478
425,Geoff Swaim,8.919090503613802,-115.02874346202478
426,Jeremy McNichols,23.617086895550152,-115.96068690810205
427,Feleipe Franks,7.970675657229052,-115.97715830840953
428,John FitzPatrick,7.828724062131656,-116.11910990350692
429,Jamycal Hasty,23.31630275835461,-116.2614710452976
430,Jeff Wilson,23.080973026213186,-116.49680077743902
431,Ladd McConkey,52.85127611148257,-116.54158114567835
432,Andy Dalton,84.84503128789942,-116.54304181095401
433,Will Shipley,22.99548956484145,-116.58228423881076
434,Javon Baker,52.778716908327695,-116.61414034883323
435,Ross Dwelley,7.302734214245348,-116.64509975139323
436,Marcedes Lewis,7.043050371314919,-116.90478359432366
437,Jack Westover,6.180400069901253,-117.76743389573733
438,Mitchell Wilcox,6.180400069901253,-117.76743389573733
439,Colson Yankoff,6.180400069901253,-117.76743389573733
440,Nick Muse,6.180400069901253,-117.76743389573733
441,Thomas Odukoya,6.180400069901253,-117.76743389573733
442,Robert Tonyan,6.180400069901253,-117.76743389573733
443,James Mitchell,6.180400069901253,-117.76743389573733
444,Teagan Quitoriano,6.180400069901253,-117.76743389573733
445,Tanner McLachlan,6.180400069901253,-117.76743389573733
446,Tyler Mabry,6.180400069901253,-117.76743389573733
447,C.J. Uzomah,6.180400069901253,-117.76743389573733
448,Parker Hesse,6.180400069901253,-117.76743389573733
449,Nikola Kalinic,6.180400069901253,-117.76743389573733
450,Brady Russell,6.180400069901253,-117.76743389573733
451,Anthony Firkser,6.180400069901253,-117.76743389573733
452,Princeton Fant,6.180400069901253,-117.76743389573733
453,Ko Kieft,6.180400069901253,-117.76743389573733
454,Justin Shorter,6.180400069901253,-117.76743389573733
455,Zack Kuntz,6.180400069901253,-117.76743389573733
456,Rodney Williams,6.180400069901253,-117.76743389573733
457,Travis Vokolek,6.180400069901253,-117.76743389573733
458,Irv Smith Jr.,6.180400069901253,-117.76743389573733
459,Jake Tonges,6.180400069901253,-117.76743389573733
460,Brenden Bates,6.156134240466798,-117.79169972517178
461,Brayden Willis,6.146427908693013,-117.80140605694557
462,Jordan Matthews,6.137934868390957,-117.80989909724762
463,Andrew Beck,6.0954696668806605,-117.85236429875792
464,MarShawn Lloyd,21.722124757641424,-117.85564904601078
465,Baylor Cupp,6.0105392638600605,-117.93729470177851
466,Stephen Sullivan,6.0105392638600605,-117.93729470177851
467,Julius Chestnut,21.582593640845637,-117.99518016280658
468,Cooper Rush,83.29695388252594,-118.09111921632748
469,John Metchie,50.8838906013827,-118.50896665577822
470,Tyler Johnson,50.79099505154881,-118.60186220561212
471,Jared Wiley,4.982862605218543,-118.96497136042004
472,Dante Pettis,49.5178811112072,-119.87497614595372
473,J.J. Taylor,19.541233018573188,-120.03654078507901
474,Sione Vaki,19.52634116367728,-120.05143263997493
475,Hassan Haskins,19.006436432000122,-120.57133737165208
476,Troy Franklin,48.24312925068918,-121.14972800647175
477,Greg Dortch,48.066048512296675,-121.32680874486425
478,Jonathan Ward,17.736824204592168,-121.84094959906004
479,Curtis Samuel,47.39121015566451,-122.00164710149642
480,Tyrell Shavers,47.36530082308113,-122.0275564340798
481,Tyrion Davis-Price,17.535623154801286,-122.04215064885092
482,Deshaun Watson,79.34070469242917,-122.04736840642425
483,Raheem Blackshear,17.30771002528256,-122.27006377836965
484,Aaron Shampklin,16.696660951046383,-122.88111285260582
485,Adam Prentice,16.540373435172924,-123.03740036847928
486,Dyami Brown,46.153009386637834,-123.23984787052309
487,Michael Woods II,46.03231219724212,-123.3605450599188
488,Jordan Whittington,45.78714424807538,-123.60571300908555
489,Myles Gaskin,15.969248241016842,-123.60852556263536
490,Michael Penix,77.03608721311313,-124.35198588574029
491,Mac Jones,76.79846650424903,-124.58960659460439
492,Khalil Herbert,14.68540887489469,-124.89236492875752
493,Jha'Quan Jackson,44.05814391375297,-125.33471334340796
494,C.J. Ham,14.014806263786355,-125.56296753986585
495,Nelson Agholor,43.65200142274462,-125.74085583441631
496,Ricky Pearsall,43.237703078122195,-126.15515417903873
497,Lil'Jordan Humphrey,43.07167350421628,-126.32118375294465
498,Patrick Ricard,12.54669349149772,-127.03108031215449
499,Bub Means,41.906935682366935,-127.48592157479399
500,Travis Homer,11.830299821343928,-127.74747398230828
501,Gardner Minshew II,73.63995043887155,-127.74812265998187
502,Van Jefferson,41.371204805322144,-128.02165245183878
503,Tejhaun Palmer,41.35518690795257,-128.03767034920835
504,Mike Williams,40.970284907946905,-128.42257234921402
505,Joe Milton,72.96160043320782,-128.4264726656456
506,Michael Burton,11.098536571783228,-128.47923723186898
507,Bub Means,40.67680840374777,-128.71604885341316
508,Ke'Shawn Vaughn,10.45859763319639,-129.11917617045583
509,Justin Watson,39.66896128996888,-129.72389596719205
510,Joshua Kelley,9.733774256914913,-129.84399954673728
511,DeeJay Dallas,9.650710400584401,-129.9270634030678
512,Kalif Raymond,39.40190630728379,-129.99095094987715
513,Reggie Gilliam,9.577395698911275,-130.00037810474095
514,British Brooks,9.443844906402305,-130.13392889724992
515,Simi Fehoko,39.22103744422968,-130.17181981293123
516,Malik Washington,39.157307455457705,-130.23554980170323
517,Darrynton Evans,9.111675825359484,-130.46609797829274
518,Trayveon Williams,9.008950880633407,-130.56882292301879
519,Gary Brightwell,9.008950880633407,-130.56882292301879
520,D.J. Williams,9.008950880633407,-130.56882292301879
521,Evan Hull,9.008950880633407,-130.56882292301879
522,Avery Williams,9.008950880633407,-130.56882292301879
523,Kendall Milton,9.008950880633407,-130.56882292301879
524,Troy Hairston,9.008950880633407,-130.56882292301879
525,Jakob Johnson,9.008950880633407,-130.56882292301879
526,Keilan Robinson,9.008950880633407,-130.56882292301879
527,Kene Nwangwu,9.008950880633407,-130.56882292301879
528,Dante Miller,9.008950880633407,-130.56882292301879
529,Khari Blasingame,9.008950880633407,-130.56882292301879
530,Keaontay Ingram,9.008950880633407,-130.56882292301879
531,Carlos Washington,9.008950880633407,-130.56882292301879
532,Jaret Patterson,9.008950880633407,-130.56882292301879
533,John Kelly,9.008950880633407,-130.56882292301879
534,Dylan Laube,8.825745515990988,-130.75202828766123
535,Chris Collier,8.75647441850954,-130.82129938514265
536,JuJu Smith-Schuster,37.80947696493335,-131.58338029222756
537,Jalen Brooks,36.87453545830741,-132.51832179885352
538,George Holani,5.783121737476549,-133.79465206617567
539,DJ Turner,35.31326403500358,-134.07959322215734
540,Cornelius Johnson,34.150932826199636,-135.2419244309613
541,Malik Washington,33.68738709635332,-135.7054701608076
542,Robert Woods,32.86324987992295,-136.529607377238
543,Xavier Legette,32.844318518597774,-136.54853873856314
544,Jahan Dotson,32.63747937436283,-136.7553778827981
545,Jonathan Mingo,32.20346981665371,-137.18938744050723
546,Cedrick Wilson Jr.,31.161177694227227,-138.2316795629337
547,Jordan Travis,62.485241758727454,-138.90283134012597
548,Jalen Reagor,30.19233079181422,-139.2005264653467
549,Spencer Rattler,61.80036694023672,-139.5877061586167
550,Kenny Pickett,61.63114570959853,-139.75692738925488
551,Devaughn Vele,27.85394905487992,-141.538908202281
552,Trey Palmer,27.056694831491,-142.33616242566993
553,Ryan Miller,26.232301347710077,-143.16055590945086
554,Mason Tipton,25.502011762795647,-143.8908454943653
555,Anthony Gould,25.376248495069305,-144.0166087620916
556,Rakim Jarrett,25.218810324219547,-144.1740469329414
557,Nikko Remigio,24.942377950093054,-144.45047930706787
558,Jamison Crowder,23.946441985645507,-145.44641527151543
559,Cody White,22.50827397531441,-146.88458328184652
560,K.J. Osborn,22.3623673396895,-147.0304899174714
561,Michael Penix,52.72001019171523,-148.6680629071382
562,Tylan Wallace,20.355334341223852,-149.03752291593707
563,Luke McCaffrey,19.99161600876137,-149.40124124839957
564,Xavier Hutchinson,19.244101529517764,-150.14875572764316
565,Ja'Lynn Polk,19.07407750872138,-150.31877974843954
566,Bryce Oliver,18.935029344541817,-150.4578279126191
567,Jermaine Burton,18.910672484231334,-150.4821847729296
568,Ryan Flournoy,18.660298419149072,-150.73255883801187
569,Tyquan Thornton,18.44123815112718,-150.95161910603375
570,Jordan Whittington,18.098241245045514,-151.2946160121154
571,Odell Beckham Jr.,17.114597361786934,-152.278259895374
572,Treylon Burks,16.991075220959615,-152.40178203620133
573,John Ross,16.81798232487354,-152.5748749322874
574,River Cracraft,14.720235750224234,-154.6726215069367
575,Kendric Pryor,13.822401975792687,-155.57045528136825
576,Robbie Chosen,13.572456583618575,-155.82040067354234
577,Michael Pratt,45.53017972823972,-155.8578933706137
578,Zay Jones,13.508225389046544,-155.88463186811438
579,KhaDarel Hodge,13.488957445604242,-155.9038998115567
580,Anthony Miller,11.748621392217686,-157.64423586494325
581,Mecole Hardman,11.652130035085762,-157.74072722207518
582,Derius Davis,10.97245790409498,-158.42039935306593
583,Terrace Marshall Jr.,10.829376221155613,-158.56348103600533
584,Bo Melton,10.542994445770958,-158.84986281138998
585,Devin Duvernay,10.434833368017038,-158.95802388914387
586,Malik Heath,10.395230289080715,-158.99762696808023
587,D'Wayne Eskridge,9.968931170737406,-159.42392608642353
588,Britain Covey,9.673657715139896,-159.71919954202104
589,DJ Chark,9.579503337121082,-159.81335392003984
590,DeAndre Carter,9.180700419481568,-160.21215683767934
591,Ben Skowronek,8.81213252677523,-160.5807247303857
592,Dan Chisena,8.68850434077062,-160.7043529163903
593,Jake Bobo,8.65236383955856,-160.74049341760235
594,Chris Conley,8.438809905730395,-160.95404735143052
595,Jalin Hyatt,8.302166259506194,-161.09069099765475
596,Scott Miller,8.084796238463085,-161.30806101869786
597,Grant Dubose,7.3181742668755305,-162.0746829902854
598,Parris Campbell,7.20220733677553,-162.1906499203854
599,Trenton Irwin,7.202065756189583,-162.19079150097133
600,Casey Washington,7.080500831995522,-162.3123564251654
601,Mitchell Trubisky,38.89696013256854,-162.4911129662849
602,Ainias Smith,6.59437182960157,-162.79848542755934
603,Spencer Rattler,38.58517308287259,-162.80290001598084
604,Jacob Cowing,6.375104235096728,-163.0177530220642
605,Ashton Dulin,6.229837478610833,-163.1630197785501
606,Kristian Wilkerson,5.254092458151405,-164.13876479900952
607,Trent Taylor,5.074783061666679,-164.31807419549426
608,Chris Blair,4.786787857149378,-164.60606940001156
609,Alex Bachman,4.184937950926539,-165.20791930623437
610,Brandon Powell,3.5886229621492163,-165.80423429501172
611,Trent Sherfield,3.292136808731371,-166.10072044842957
612,Johnny Wilson,2.9663342449354246,-166.42652301222552
613,Devin Leary,34.40890545665377,-166.97916764219966
614,Desmond Ridder,34.20946066101838,-167.17861243783506
615,Ronnie Bell,2.1395938939038075,-167.25326336325713
616,Jamari Thrash,2.007203949760381,-167.38565330740056
617,Xavier Weaver,1.9922798288419443,-167.40057742831897
618,Erik Ezukanma,1.9922798288419443,-167.40057742831897
619,Allen Robinson,1.0321165545755235,-168.36074070258542
620,Isaiah Hodgins,0.871895147120938,-168.52096211004
621,Tommy DeVito,32.797070174710626,-168.5910029241428
622,Malachi Corley,-0.9951736434690162,-170.38803090062993
623,Jacoby Brissett,30.671875842453076,-170.71619725640033
624,Brandon Johnson,-1.4004703526692026,-170.79332760983013
625,Anthony Gould,-1.485931123927827,-170.87878838108875
626,Tim Jones,-1.4892716450973325,-170.88212890225827
627,Laviska Shenault Jr.,-1.4997628107767582,-170.89262006793768
628,Xavier Gipson,-1.5351559316150798,-170.928013188776
629,Braxton Berrios,-1.6757822864054361,-171.06863954356635
630,Mason Kinsey,-1.8453929080392726,-171.2382501652002
631,Devontez Walker,-2.011651098583613,-171.40450835574455
632,Deven Thompkins,-2.065525280436603,-171.45838253759752
633,Tim Boyle,29.745386621978838,-171.6426864768746
634,Velus Jones Jr.,-2.2903154634093283,-171.68317272057027
635,Kyle Allen,29.43817128721669,-171.94990181163672
636,Casey Washington,-3.113635079458035,-172.50649233661898
637,James Proche,-3.1801605741494683,-172.57301783131038
638,Javon Baker,-3.2068634690292157,-172.59972072619013
639,Trey Lance,28.770660968009523,-172.6174121308439
640,Skyy Moore,-3.509813344029098,-172.90267060119004
641,Justyn Ross,-3.509813344029098,-172.90267060119004
642,Ramel Keyton,-4.073955201933117,-173.46681245909406
643,Jake Haener,27.354422627060316,-174.03365047179312
644,Chris Oladokun,26.955958227596057,-174.43211487125737
645,Kadarius Toney,-5.343844401652788,-174.73670165881373
646,Jha'Quan Jackson,-5.497477695903754,-174.89033495306467
647,Taylor Heinicke,26.43958993421502,-174.9484831646384
648,Brandon Allen,26.368755279056074,-175.01931781979735
649,Isaiah Williams,-5.932109098839803,-175.32496635600074
650,Collin Johnson,-6.141918867814169,-175.5347761249751
651,Tom Kennedy,-6.260859930464633,-175.65371718762555
652,Kameron Johnson,-6.811069247751718,-176.20392650491266
653,Charlie Jones,-7.492385621423736,-176.88524287858468
654,Jaelon Darden,-7.776431308897514,-177.16928856605844
655,Tyler Scott,-7.906800411099127,-177.29965766826007
656,Xavier Smith,-8.102960316984095,-177.495817574145
657,Irvin Charles,-8.16543064415076,-177.5582879013117
658,Dareke Young,-8.22589320649,-177.61875046365094
659,Nick Mullens,23.414126345695664,-177.97394675315775
660,Ihmir Smith-Marsette,-9.01190651690014,-178.40476377406105
661,Deonte Harty,-9.01190651690014,-178.40476377406105
662,Bryce Ford-Wheaton,-9.01190651690014,-178.40476377406105
663,Dez Fitzpatrick,-9.01190651690014,-178.40476377406105
664,Alex Erickson,-9.01190651690014,-178.40476377406105
665,Kaden Davis,-9.01190651690014,-178.40476377406105
666,Trishton Jackson,-9.01190651690014,-178.40476377406105
667,Cody Thompson,-9.01190651690014,-178.40476377406105
668,Brenden Rice,-9.01190651690014,-178.40476377406105
669,Brandon Smith,-9.01190651690014,-178.40476377406105
670,Equanimeous St. Brown,-9.01190651690014,-178.40476377406105
671,Tyreik McAllister,-9.01190651690014,-178.40476377406105
672,Joshua Cephus,-9.01190651690014,-178.40476377406105
673,Elijah Cooks,-9.01190651690014,-178.40476377406105
674,Marquez Callaway,-9.01190651690014,-178.40476377406105
675,Maurice Alexander,-9.01190651690014,-178.40476377406105
676,Jermaine Jackson,-9.01190651690014,-178.40476377406105
677,Jalen Virgil,-9.01190651690014,-178.40476377406105
678,Roman Wilson,-9.01190651690014,-178.40476377406105
679,Laquon Treadwell,-9.01190651690014,-178.40476377406105
680,Steven Sims,-9.01190651690014,-178.40476377406105
681,Jared Wayne,-9.01190651690014,-178.40476377406105
682,Montrell Washington,-9.01190651690014,-178.40476377406105
683,Jaylen Johnson,-9.01190651690014,-178.40476377406105
684,Jalen Moreno-Cropper,-9.01190651690014,-178.40476377406105
685,Chris Moore,-9.01190651690014,-178.40476377406105
686,Chris Moore,-9.01190651690014,-178.40476377406105
687,Zach Pascal,-9.01190651690014,-178.40476377406105
688,Hendon Hooker,21.943699732451222,-179.4443733664022
689,Davis Mills,21.759400203185407,-179.62867289566802
690,Jarrett Stidham,21.641582214584147,-179.7464908842693
691,Brycen Tremayne,-12.277196597765936,-181.67005385492686
692,Carson Wentz,19.5038424141661,-181.88423068468734
693,Josh Johnson,19.07059771056504,-182.3174753882884
694,Jeff Driskel,18.9843942080782,-182.4036788907752
695,Jake Browning,17.921519005475815,-183.46655409337762
696,Clayton Tune,17.35130848688887,-184.03676461196454
697,Kyle Trask,17.1651636591494,-184.22290943970404
698,Skylar Thompson,17.160808053680455,-184.22726504517297
699,Tyson Bagent,15.947251455111527,-185.4408216437419
700,Bailey Zappe,9.476521260665635,-191.9115518381878
701,Mike White,-12.807922115849308,-214.19599521470275
702,Dorian Thompson-Robinson,-19.03305679668223,-220.42112989553567
703,Sam Howell,-23.773004514625384,-225.16107761347882
